Gradation,d,Sf,DEPTH,width,n,SPEC.,uavg,g,lambda
1.31,0.00017,0.0001,2.1153,146.603,7.39E-07,2.65,0.391273908,9.81,0.108397344
1.5,0.000195,0.0000451,1.463,124.968,9.66E-07,2.65,0.376983387,9.81,0.03642377
1.59,0.000128,0.0001418,0.9144,86.258,8.90E-07,2.65,0.348600884,9.81,0.083707415
1.44,0.000241,0.0000862,1.8593,125.578,9.33E-07,2.65,0.471649836,9.81,0.056523079
1,0.00002,0.0000877,2.3805,16.026,5.94E-07,2.65,0.509830237,9.81,0.063012259
1,0.000024,0.0000877,2.3652,15.95,5.94E-07,2.65,0.509575867,9.81,0.062669785
1.56,0.000154,0.000124,0.9144,85.649,9.47E-07,2.65,0.367350056,9.81,0.06591832
1.31,0.000055,0.0000854,1.6764,35.662,1.31E-06,2.65,0.494968762,9.81,0.045844621
1.58,0.000155,0.00008,2.6396,153.28,8.71E-07,2.65,0.57956741,9.81,0.049320633
1.41,0.000313,0.000073,1.4874,130.539,8.02E-07,2.65,0.473980182,9.81,0.037917415
1.68,0.00028,0.000133,1.905,95.732,8.48E-07,2.65,0.530719003,9.81,0.070570922
1.26,0.000116,0.0000715,2.3165,35.662,1.08E-06,2.65,0.588541641,9.81,0.037513916
1,0.000033,0.0001145,0.9449,5.343,5.94E-07,2.65,0.399394232,9.81,0.053210361
1,0.000036,0.0001646,0.7925,4.307,5.94E-07,2.65,0.379366287,9.81,0.071108265
1,0.000033,0.00007,2.5207,17.983,5.94E-07,2.65,0.610486582,9.81,0.037142865
1,0.000039,0.00007,2.5116,17.892,5.94E-07,2.65,0.612034139,9.81,0.036821855
1.29,0.000146,0.0001424,1.4935,94.793,1.16E-06,2.65,0.524840144,9.81,0.060571674
1.25,0.000169,0.000108,1.7983,46.33,1.33E-06,2.65,0.574050469,9.81,0.046237484
1.61,0.00026,0.000147,1.9934,96.287,7.80E-07,2.65,0.581713985,9.81,0.067936196
1.48,0.00028,0.000113,2.0086,99.95,8.48E-07,2.65,0.588736567,9.81,0.051373402
1.25,0.00011,0.0000753,2.286,35.662,1.35E-06,2.65,0.639464945,9.81,0.033025254
1.25,0.000122,0.0000872,2.4689,35.966,1.25E-06,2.65,0.656926016,9.81,0.039137719
1,0.000046,0.00012,2.2433,18.072,5.94E-07,2.65,0.606537776,9.81,0.057406536
1.26,0.000195,0.000134,3.5936,162.431,9.86E-07,2.65,0.759207612,9.81,0.06554233
1,0.000036,0.00008,1.8501,13.493,5.94E-07,2.65,0.565108134,9.81,0.036360556
1.17,0.000156,0.0001504,2.1641,47.549,9.06E-07,2.65,0.619718687,9.81,0.066488177
1.25,0.000144,0.000116,2.3165,46.634,1.25E-06,2.65,0.651644443,9.81,0.04964521
1,0.000082,0.0000567,3.3924,66.547,5.94E-07,2.65,0.725227322,9.81,0.028691301
1.49,0.00029,0.00006,1.5088,130.541,8.02E-07,2.65,0.534821718,9.81,0.024829805
1,0.00008,0.0000567,3.4107,66.544,5.94E-07,2.65,0.732971391,9.81,0.028239759
1.46,0.000152,0.0000882,0.762,93.269,9.21E-07,2.65,0.414766151,9.81,0.030649641
1,0.000037,0.00008,1.7191,14.658,5.94E-07,2.65,0.556912524,9.81,0.034787691
1,0.00003,0.00008,2.3652,20.565,5.94E-07,2.65,0.634398388,9.81,0.036884353
1.19,0.000156,0.0001123,2.347,46.634,1.25E-06,2.65,0.663873927,9.81,0.046916982
1.2,0.000127,0.0000735,2.5298,35.662,1.25E-06,2.65,0.684241608,9.81,0.03115753
1.41,0.00029,0.00008,2.4384,139.332,1.04E-06,2.65,0.666774543,9.81,0.034422734
1.32,0.000113,0.0000766,2.347,35.662,1.25E-06,2.65,0.664796379,9.81,0.031913396
1.23,0.000148,0.0001124,2.3165,46.634,1.22E-06,2.65,0.665799383,9.81,0.046080829
1.52,0.000108,0.0001321,1.8288,69.494,1.19E-06,2.65,0.605370173,9.81,0.051717252
1,0.000039,0.0001145,1.1003,5.782,5.94E-07,2.65,0.471789666,9.81,0.044404624
1.49,0.00026,0.0002,1.9355,134.736,8.02E-07,2.65,0.603404253,9.81,0.083409379
1.27,0.000121,0.000073,2.2555,35.357,1.08E-06,2.65,0.655478329,9.81,0.030064741
1.49,0.000268,0.0001161,3.81,125.882,5.94E-07,2.65,0.78324247,9.81,0.056568308
1.54,0.000285,0.0001,1.6825,132.522,7.80E-07,2.65,0.572744906,9.81,0.040238432
1,0.000043,0.00008,1.8593,13.551,5.94E-07,2.65,0.587777019,9.81,0.033777127
1.42,0.000133,0.0000859,1.7678,127.406,1.21E-06,2.65,0.605240255,9.81,0.032522141
1.23,0.00015,0.0001155,2.3165,46.634,1.12E-06,2.65,0.672614767,9.81,0.046397004
1,0.001038,0.00022,0.3341,0.78,7.80E-07,2.65,0.306978565,9.81,0.061191557
1,0.000043,0.0001446,0.6706,4.349,5.94E-07,2.65,0.394965861,9.81,0.048766453
1.24,0.000147,0.0001104,2.1641,46.634,1.49E-06,2.65,0.670879251,9.81,0.041645313
1.23,0.000142,0.0000952,2.4384,46.939,1.03E-06,2.65,0.691740364,9.81,0.03805959
1.25,0.000144,0.0001088,1.9202,46.33,1.28E-06,2.65,0.638509128,9.81,0.040202179
1.39,0.000202,0.0000975,4.2367,121.92,1.19E-06,2.65,0.873892084,9.81,0.042435094
1.33,0.000147,0.0001343,2.1031,70.409,1.16E-06,2.65,0.658023458,9.81,0.051175446
1.43,0.000169,0.0000876,3.4138,119.786,8.62E-07,2.65,0.786230112,9.81,0.037953452
1.28,0.000136,0.0000861,2.1946,35.662,9.40E-07,2.65,0.663202659,9.81,0.033703458
1.48,0.000315,0.000107,1.9111,104.857,8.48E-07,2.65,0.623446756,9.81,0.041274032
1.24,0.000152,0.0001121,2.1336,46.939,1.28E-06,2.65,0.670109948,9.81,0.041786398
1.34,0.000138,0.0000756,2.286,35.966,1.10E-06,2.65,0.684688292,9.81,0.02892149
1.25,0.000112,0.0000674,2.2555,35.357,1.03E-06,2.65,0.678913672,9.81,0.025875102
1.23,0.000148,0.0001145,2.3165,46.634,1.31E-06,2.65,0.697606634,9.81,0.042758753
1.46,0.000205,0.000127,2.4262,140.223,1.09E-06,2.65,0.702825052,9.81,0.048937784
1.22,0.000123,0.0000856,2.1946,35.357,9.28E-07,2.65,0.668558771,9.81,0.032972996
1.17,0.000155,0.0001136,2.286,46.634,1.20E-06,2.65,0.696198231,9.81,0.042033657
1.25,0.000143,0.0001153,2.1946,46.634,1.28E-06,2.65,0.688117568,9.81,0.041924495
1.6,0.0002,0.000073,2.9078,146.969,1.20E-06,2.65,0.768621531,9.81,0.028188421
1.24,0.000164,0.0001023,2.1641,46.939,1.13E-06,2.65,0.681015261,9.81,0.037449646
1.23,0.000145,0.0001107,2.2555,46.634,1.31E-06,2.65,0.699689561,9.81,0.040011802
1,0.000066,0.000065,3.2918,51.505,5.94E-07,2.65,0.77493749,9.81,0.02795258
1.2,0.000152,0.0001071,2.286,46.634,1.23E-06,2.65,0.702041626,9.81,0.038971616
1,0.000064,0.000065,3.2918,51.901,5.94E-07,2.65,0.777312137,9.81,0.027782054
1.25,0.000112,0.0000848,2.225,35.966,1.05E-06,2.65,0.68930543,9.81,0.031153792
1.19,0.000159,0.0001243,2.1336,46.634,1.13E-06,2.65,0.681892287,9.81,0.044746701
1,0.000039,0.00008,2.3835,20.577,5.94E-07,2.65,0.687905224,9.81,0.03161232
1.45,0.000285,0.0001,1.908,134.579,8.71E-07,2.65,0.64678076,9.81,0.035782661
1,0.000082,0.0001,1.9385,10.701,5.94E-07,2.65,0.635829199,9.81,0.037617794
1.49,0.00024,0.000087,2.923,141.753,1.16E-06,2.65,0.783875802,9.81,0.032468483
1,0.000066,0.00012,1.5667,17.313,5.94E-07,2.65,0.583841292,9.81,0.043269903
1.36,0.0002,0.000153,2.6213,142.122,1.18E-06,2.65,0.7509719,9.81,0.055791653
1,0.000064,0.00012,1.5667,17.34,5.94E-07,2.65,0.5842663,9.81,0.043206975
1.75,0.000195,0.0000819,2.4994,120.701,1.31E-06,2.65,0.743964644,9.81,0.029015063
1.28,0.000364,0.0000788,4.2977,123.444,9.54E-07,2.65,0.908390974,9.81,0.032197722
1.37,0.000279,0.000107,3.7186,122.225,8.83E-07,2.65,0.852983455,9.81,0.042903278
1.31,0.000208,0.0000927,4.0843,120.396,1.08E-06,2.65,0.897416701,9.81,0.03688226
1.19,0.000147,0.0001099,1.6764,46.634,1.28E-06,2.65,0.634960143,9.81,0.035850141
1.18,0.000161,0.000104,2.286,46.33,1.08E-06,2.65,0.711193275,9.81,0.036875909
1.24,0.000142,0.0001155,2.225,46.634,1.35E-06,2.65,0.71419356,9.81,0.039526521
1,0.00008,0.0001,1.966,10.577,5.94E-07,2.65,0.64504331,9.81,0.037069285
1.27,0.000132,0.0000853,2.1641,35.357,9.52E-07,2.65,0.69167403,9.81,0.030271355
1.28,0.000195,0.000144,2.8194,157.903,0.000001,2.65,0.771921929,9.81,0.053454082
1.25,0.000193,0.0001479,2.1641,49.073,1.42E-06,2.65,0.712727625,9.81,0.049431838
1.51,0.00027,0.000157,2.0086,136.166,8.96E-07,2.65,0.671935205,9.81,0.054795736
1.36,0.000272,0.0001115,3.5662,120.091,8.81E-07,2.65,0.847385851,9.81,0.043443679
1.22,0.000124,0.0000892,2.1946,35.662,9.06E-07,2.65,0.699383973,9.81,0.031397663
1,0.000024,0.00006,3.368,56.022,5.94E-07,2.65,0.812192191,9.81,0.024033342
1.25,0.000129,0.0000853,2.1946,35.357,8.41E-07,2.65,0.700672953,9.81,0.029914527
1,0.00002,0.00006,3.3894,56.272,5.94E-07,2.65,0.818176229,9.81,0.023833554
1.5,0.000167,0.0001042,1.3411,99.67,1.15E-06,2.65,0.590413056,9.81,0.031450346
1.22,0.000147,0.0001091,2.2555,46.634,1.31E-06,2.65,0.734687493,9.81,0.03576603
1.63,0.000225,0.00006,2.8529,146.538,1.15E-06,2.65,0.803327627,9.81,0.020809462
1.22,0.000149,0.0001083,2.2555,46.33,1.31E-06,2.65,0.737882595,9.81,0.035196964
1.29,0.000179,0.0001369,2.1641,71.018,1.16E-06,2.65,0.720403645,9.81,0.044785499
1,0.001038,0.0004,0.2216,0.78,8.19E-07,2.65,0.289259928,9.81,0.083111601
1,0.001038,0.00042,0.3106,0.78,7.80E-07,2.65,0.330204567,9.81,0.093862699
1,0.00003,0.00007,3.3498,56.467,5.94E-07,2.65,0.832174851,9.81,0.026564166
1.24,0.000175,0.00017,3.3132,160.672,9.33E-07,2.65,0.85343353,9.81,0.06066883
1.26,0.000222,0.0000606,3.81,113.081,1.19E-06,2.65,0.917125905,9.81,0.021535161
1,0.000039,0.00007,3.3528,56.61,5.94E-07,2.65,0.834402395,9.81,0.026446186
1.39,0.000223,0.0001123,2.0422,124.358,1.03E-06,2.65,0.707018279,9.81,0.035993592
1,0.001038,0.00036,0.2813,0.78,7.70E-07,2.65,0.31901793,9.81,0.078063945
1.72,0.00028,0.000207,3.0846,149.087,1.15E-06,2.65,0.842965306,9.81,0.070494989
1,0.000057,0.0000642,3.5601,79.096,5.94E-07,2.65,0.860069282,9.81,0.024240345
1.39,0.000331,0.0001075,3.6576,121.92,5.94E-07,2.65,0.870203853,9.81,0.040735319
1.79,0.00027,0.000127,2.9566,146.21,1.13E-06,2.65,0.830932406,9.81,0.042665157
1.46,0.000225,0.000067,2.5786,142.096,1.12E-06,2.65,0.788277617,9.81,0.02181267
1,0.00005,0.0001116,2.1671,18.169,5.94E-07,2.65,0.708294248,9.81,0.03782023
1.6,0.000195,0.0000873,1.7069,126.492,1.28E-06,2.65,0.6791032,9.81,0.025348906
1.25,0.000191,0.0001543,2.1336,50.597,9.06E-07,2.65,0.737340002,9.81,0.047506363
1.3,0.000205,0.0001115,3.4747,112.166,8.43E-07,2.65,0.897944787,9.81,0.037696529
1,0.001038,0.00046,0.3798,0.78,7.80E-07,2.65,0.371302035,9.81,0.099418357
1.44,0.00031,0.000176,1.3716,136.144,8.13E-07,2.65,0.617182075,9.81,0.049718954
1.34,0.000201,0.0001246,3.5357,111.252,8.72E-07,2.65,0.909499525,9.81,0.041782743
1.34,0.000355,0.000173,2.4902,112.22,0.000001,2.65,0.800207299,9.81,0.052781747
1.56,0.000125,0.0001292,2.347,70.409,1.13E-06,2.65,0.789444773,9.81,0.038171616
1.4,0.000275,0.0001116,3.5662,119.786,8.62E-07,2.65,0.919278136,9.81,0.036947451
1.47,0.00034,0.000177,2.1549,110.668,1.06E-06,2.65,0.759695928,9.81,0.051847669
1.55,0.000148,0.000137,1.524,88.392,1.21E-06,2.65,0.672031296,9.81,0.03626895
1.53,0.000164,0.0001293,1.463,88.392,1.16E-06,2.65,0.659541946,9.81,0.034116656
1,0.001038,0.00046,0.3499,0.78,7.70E-07,2.65,0.366386733,9.81,0.094065581
1.42,0.000226,0.0001038,2.2555,128.016,8.24E-07,2.65,0.769165797,9.81,0.031046218
1.49,0.000167,0.0001271,1.6459,86.563,1.16E-06,2.65,0.694435273,9.81,0.034032504
1.41,0.000273,0.0000938,2.1641,126.187,8.60E-07,2.65,0.760283238,9.81,0.027551026
1.46,0.000325,0.000167,1.9294,109.93,0.000001,2.65,0.733224426,9.81,0.047018995
1.41,0.000131,0.0001387,1.6154,86.563,1.15E-06,2.65,0.690739303,9.81,0.036841445
1.53,0.00036,0.000173,2.1763,110.693,1.12E-06,2.65,0.778738934,9.81,0.048706793
1.55,0.000192,0.0001292,1.6459,86.563,1.15E-06,2.65,0.698211841,9.81,0.034221575
1.39,0.000118,0.000149,2.4079,70.409,1.16E-06,2.65,0.814240834,9.81,0.042454859
1.37,0.000234,0.0001203,3.5052,113.386,8.79E-07,2.65,0.935486161,9.81,0.037801771
1,0.001038,0.0006,0.2387,0.78,8.08E-07,2.65,0.322253016,9.81,0.108197727
1,0.001038,0.00032,0.3706,0.78,7.80E-07,2.65,0.380519463,9.81,0.064255468
1.52,0.00032,0.00012,2.6365,139.538,9.59E-07,2.65,0.838979042,9.81,0.035262674
1.27,0.000233,0.0001195,3.6271,118.262,1.06E-06,2.65,0.961172808,9.81,0.036807213
1.37,0.000289,0.000112,3.2004,116.434,8.75E-07,2.65,0.905125758,9.81,0.034325185
1.33,0.000279,0.0001132,3.5357,117.653,9.15E-07,2.65,0.948987221,9.81,0.034866596
1.24,0.000182,0.0001522,2.1336,49.073,0.000001,2.65,0.77862953,9.81,0.042021772
1.23,0.000176,0.0001435,2.1946,49.378,1.35E-06,2.65,0.807447361,9.81,0.037895469
1.75,0.0004,0.000153,2.6731,140.966,1.05E-06,2.65,0.861492421,9.81,0.04323268
1.29,0.00022,0.0001205,3.5966,118.262,1.03E-06,2.65,0.970322386,9.81,0.036112332
1.56,0.000285,0.000183,1.4691,136.717,7.91E-07,2.65,0.667138077,9.81,0.047389207
1.66,0.000395,0.000147,2.542,139.974,1.06E-06,2.65,0.848357965,9.81,0.040732686
1.46,0.0003,0.000173,1.9141,110.32,9.08E-07,2.65,0.750150613,9.81,0.046165999
1.38,0.000275,0.0001196,3.4442,110.947,9.01E-07,2.65,0.951642043,9.81,0.035684593
1.42,0.000315,0.000389,1.4539,136.106,8.13E-07,2.65,0.668266671,9.81,0.099355745
1.91,0.00034,0.00016,2.6975,146.373,1.09E-06,2.65,0.873513588,9.81,0.044376245
1.22,0.00017,0.0001465,2.1641,49.378,1.25E-06,2.65,0.807963014,9.81,0.038101356
1.4,0.000132,0.000133,2.3774,69.19,1.22E-06,2.65,0.837838963,9.81,0.035337941
1.43,0.00025,0.0001193,3.2918,110.947,9.10E-07,2.65,0.939022386,9.81,0.034940607
1.2,0.000177,0.0001446,1.3411,48.768,1.31E-06,2.65,0.672821388,9.81,0.033607664
1.34,0.000252,0.0001234,3.3223,110.642,8.62E-07,2.65,0.943212143,9.81,0.036152946
1.29,0.000242,0.0001208,3.5662,111.862,1.10E-06,2.65,0.985674962,9.81,0.034786732
1.29,0.000214,0.0001212,3.6881,111.557,1.08E-06,2.65,1.007389418,9.81,0.034555644
1.33,0.000176,0.0000996,2.5908,128.626,1.07E-06,2.65,0.874034799,9.81,0.0264999
1.66,0.00034,0.0004,0.285,1.999,5.94E-07,2.68,0.351045698,9.81,0.072574824
1.86,0.00043,0.00014,2.2555,104.826,8.02E-07,2.65,0.81177291,9.81,0.037593279
1.49,0.000293,0.000207,1.8562,110.108,8.83E-07,2.65,0.75578094,9.81,0.052772989
1.36,0.000187,0.0000978,2.6213,129.235,9.85E-07,2.65,0.877933114,9.81,0.026094031
1,0.001038,0.00041,0.378,0.78,9.34E-07,2.65,0.406983449,9.81,0.073405839
1.25,0.000202,0.0001167,3.6576,112.471,1.14E-06,2.65,1.014693919,9.81,0.032524108
1.4,0.000126,0.0001337,2.347,70.104,1.22E-06,2.65,0.851738778,9.81,0.033934395
1.45,0.0003,0.00022,1.585,108.145,8.02E-07,2.65,0.710358569,9.81,0.054213213
1.25,0.000179,0.0001445,2.0726,49.073,1.35E-06,2.65,0.819085537,9.81,0.035021382
1.23,0.00017,0.0001192,3.6271,111.862,1.12E-06,2.65,1.0155367,9.81,0.032889176
1.31,0.000197,0.0001186,3.5662,114.3,8.62E-07,2.65,0.992646804,9.81,0.033675134
1.52,0.0004,0.000147,2.7219,112.773,1.18E-06,2.65,0.911432322,9.81,0.037787582
1.31,0.00034,0.000224,2.6761,112.79,8.59E-07,2.65,0.894337721,9.81,0.058797073
1.43,0.000345,0.000227,2.2433,110.904,1.04E-06,2.65,0.843276276,9.81,0.056180021
1.3,0.00021,0.0001217,3.6881,113.995,8.41E-07,2.65,1.018376146,9.81,0.033953557
1.47,0.00029,0.000173,2.2921,101.492,8.02E-07,2.65,0.837832479,9.81,0.044317344
1.45,0.000295,0.000216,2.8743,113.613,1.15E-06,2.65,0.940403643,9.81,0.055076418
1.31,0.00035,0.000193,2.9047,113.093,1.12E-06,2.65,0.945529164,9.81,0.049194572
1.47,0.00032,0.000113,2.6243,144.789,1.03E-06,2.65,0.906956355,9.81,0.028283138
1.29,0.000185,0.0001539,2.1641,49.682,9.06E-07,2.65,0.832252955,9.81,0.03772365
1.46,0.000395,0.000233,2.8042,112.776,1.15E-06,2.65,0.938383629,9.81,0.058211998
1.16,0.000154,0.0000965,2.5603,128.321,1.13E-06,2.65,0.904476679,9.81,0.023693645
1.39,0.00037,0.000206,2.6548,112.506,1.06E-06,2.65,0.918104735,9.81,0.050900614
1.34,0.00036,0.000227,3.0663,114.345,1.18E-06,2.65,0.985229184,9.81,0.056256721
1.68,0.00031,0.000233,1.4021,106.349,8.48E-07,2.65,0.70643994,9.81,0.051356198
1.41,0.000375,0.000257,3.1394,114.729,1.20E-06,2.65,1.000892685,9.81,0.063184884
1.21,0.000168,0.0001315,2.1031,47.854,1.03E-06,2.65,0.846620584,9.81,0.030270283
1.3,0.000149,0.0001067,2.225,71.933,1.13E-06,2.65,0.873119759,9.81,0.024431788
1.2,0.00014,0.0001478,1.4326,49.073,1.31E-06,2.65,0.741534067,9.81,0.030209644
1.55,0.00032,0.000207,2.8285,113.052,8.83E-07,2.65,0.950454971,9.81,0.050847767
1.48,0.000315,0.00022,1.6734,106.43,7.59E-07,2.65,0.763171836,9.81,0.0495891
1.22,0.000173,0.0001533,2.1336,49.378,1.03E-06,2.65,0.858217356,9.81,0.034839268
1,0.001033,0.00044,0.1929,0.78,8.19E-07,2.65,0.332296527,9.81,0.060303393
3.12,0.000695,0.000103,2.6761,108.45,8.83E-07,2.65,0.939884443,9.81,0.024479305
1.74,0.00027,0.000127,3.0876,116.805,8.96E-07,2.65,0.998183493,9.81,0.030875389
1.45,0.00031,0.000207,1.1339,103.075,8.02E-07,2.65,0.663361233,9.81,0.041845944
1.43,0.00033,0.000216,2.222,110.924,9.21E-07,2.65,0.880732678,9.81,0.048542041
1.53,0.00034,0.000127,2.0757,100.973,8.02E-07,2.65,0.849817407,9.81,0.028636867
1,0.001038,0.0009,0.2682,0.78,7.80E-07,2.65,0.382406929,9.81,0.129496558
1.37,0.00032,0.000107,1.5941,137.422,8.59E-07,2.65,0.775575836,9.81,0.022246375
1.3,0.000162,0.0001214,2.4689,72.238,1.22E-06,2.65,0.948031363,9.81,0.02616286
1.44,0.000273,0.000333,1.4844,107.587,8.13E-07,2.65,0.758356293,9.81,0.067430602
1.43,0.000288,0.00026,1.5697,107.538,8.25E-07,2.65,0.778701909,9.81,0.052802681
1.33,0.000335,0.000233,2.7628,114.008,1.15E-06,2.65,1.002385255,9.81,0.050262545
1.65,0.000315,0.000253,1.3686,106.985,7.80E-07,2.65,0.739155725,9.81,0.049720286
1,0.001038,0.00104,0.214,0.78,8.08E-07,2.65,0.35944764,9.81,0.135140116
1.56,0.000173,0.0001376,2.1946,91.135,1.16E-06,2.65,0.919142304,9.81,0.028042501
1.66,0.00034,0.00042,0.352,1.999,5.94E-07,2.68,0.426319694,9.81,0.063816005
1,0.001038,0.00058,0.2393,0.78,7.70E-07,2.65,0.375009376,9.81,0.077427438
1.44,0.0003,0.00026,2.0361,110.056,8.02E-07,2.65,0.874961707,9.81,0.054250383
1,0.001038,0.00042,0.3962,0.78,6.94E-07,2.65,0.453002239,9.81,0.063616755
1.42,0.000315,0.000213,1.9294,109.786,8.02E-07,2.65,0.857575359,9.81,0.043839515
1.29,0.000116,0.0001518,1.8898,90.221,1.25E-06,2.65,0.887041432,9.81,0.028602781
1.34,0.000157,0.00015,3.6576,92.05,1.28E-06,2.65,1.161498185,9.81,0.031905007
1,0.001038,0.00042,0.3487,0.78,7.25E-07,2.65,0.441180796,9.81,0.059030503
1.41,0.00033,0.000233,1.5088,106.772,7.91E-07,2.65,0.800125235,9.81,0.043080438
1.41,0.00037,0.000187,2.222,111.676,1.06E-06,2.65,0.967462918,9.81,0.034827753
1,0.001038,0.00072,0.2963,0.78,7.70E-07,2.65,0.432665265,9.81,0.089406385
1,0.001038,0.00044,0.3755,0.78,6.94E-07,2.65,0.477974666,9.81,0.056736339
1.66,0.00034,0.00045,0.3719,1.999,5.94E-07,2.68,0.470773166,9.81,0.059241186
1,0.001038,0.00056,0.353,0.78,6.94E-07,2.65,0.472129004,9.81,0.069574456
1.37,0.00034,0.000193,2.0574,110.586,8.59E-07,2.65,0.96604986,9.81,0.033379929
1,0.001038,0.0011,0.3271,0.78,9.35E-07,2.65,0.470314105,9.81,0.12761616
1,0.001033,0.00048,0.3688,0.78,7.75E-07,2.65,0.486658045,9.81,0.058639841
1,0.001038,0.00038,0.3892,0.78,6.94E-07,2.65,0.494093736,9.81,0.047527632
1,0.000031,0.00011,2.5542,25.765,5.94E-07,2.65,1.045740912,9.81,0.020156162
1.66,0.00034,0.00048,0.3999,1.999,5.94E-07,2.68,0.500365211,9.81,0.060148787
1,0.001038,0.00049,0.3435,0.78,7.09E-07,2.65,0.485186429,9.81,0.056093686
1,0.00221,0.00075,0.2146,0.78,9.71E-07,2.65,0.418172151,9.81,0.072208648
1.84,0.000899,0.00163,0.1444,4.295,1.13E-06,2.65,0.365736426,9.81,0.138046949
1,0.001038,0.00048,0.4136,0.78,7.05E-07,2.65,0.526939816,9.81,0.056092938
1,0.00221,0.0007,0.2128,0.78,9.66E-07,2.65,0.421709321,9.81,0.065713063
1.3,0.00032,0.00372,0.032,0.2,1.23E-06,2.65,0.21875,9.81,0.195166486
1,0.001038,0.00054,0.4243,0.78,6.98E-07,2.65,0.54386108,9.81,0.060771405
1,0.00221,0.00122,0.3508,0.78,7.75E-07,2.65,0.511629097,9.81,0.128267725
1,0.001038,0.00056,0.4365,0.78,6.49E-07,2.65,0.558037419,9.81,0.061582041
1,0.001038,0.00094,0.4179,0.78,6.98E-07,2.65,0.552190133,9.81,0.101072123
1.84,0.000899,0.00163,0.1652,4.334,1.13E-06,2.65,0.402302142,9.81,0.130527316
1,0.001033,0.00116,0.3432,0.78,6.94E-07,2.65,0.522958879,9.81,0.114203295
1,0.001038,0.00068,0.3597,0.78,6.94E-07,2.65,0.534615741,9.81,0.067138914
1,0.001038,0.00095,0.3234,0.78,7.09E-07,2.65,0.515341801,9.81,0.09075725
1,0.001038,0.00076,0.4374,0.78,7.13E-07,2.65,0.58619406,9.81,0.075895843
1,0.001038,0.00138,0.3728,0.78,6.98E-07,2.65,0.550215968,9.81,0.133320538
1,0.00221,0.00071,0.2411,0.78,1.01E-06,2.65,0.478559806,9.81,0.058639677
1,0.00221,0.00089,0.2219,0.78,9.52E-07,2.65,0.462197109,9.81,0.072527266
1.84,0.000899,0.00164,0.1282,4.221,0.000001,2.65,0.380892137,9.81,0.113693676
1,0.001033,0.00099,0.4133,0.78,6.49E-07,2.65,0.589362045,9.81,0.092415479
1.84,0.000899,0.00165,0.2047,4.334,1.13E-06,2.65,0.475454642,9.81,0.117217391
1,0.00221,0.00091,0.1954,0.78,8.58E-07,2.65,0.459261738,9.81,0.066138428
1,0.001038,0.00086,0.374,0.78,7.05E-07,2.65,0.582733443,9.81,0.074308521
1,0.001038,0.00163,0.3082,0.78,7.09E-07,2.65,0.54075775,9.81,0.134779296
1,0.00221,0.00065,0.2499,0.78,9.71E-07,2.65,0.513000072,9.81,0.048423169
1,0.00221,0.00081,0.2307,0.78,1.01E-06,2.65,0.500133373,9.81,0.058609685
1,0.00262,0.00103,0.4048,0.78,1.19E-06,2.65,0.633402377,9.81,0.081531757
1,0.00262,0.00104,0.2874,0.78,1.25E-06,2.65,0.557585247,9.81,0.075423382
1.3,0.00032,0.00235,0.085,0.2,1.22E-06,2.65,0.352941176,9.81,0.125802878
1.3,0.00032,0.00207,0.074,0.2,1.27E-06,2.65,0.337837838,9.81,0.105291651
1,0.00221,0.00082,0.2106,0.78,9.52E-07,2.65,0.486996859,9.81,0.057125281
1.84,0.000899,0.00173,0.2145,4.334,0.000001,2.65,0.493679832,9.81,0.119451354
1,0.00221,0.000665,0.2463,0.78,7.13E-07,2.65,0.520498246,9.81,0.04743031
1,0.00221,0.0009,0.2417,0.78,9.71E-07,2.65,0.530404294,9.81,0.060661556
1,0.00262,0.00082,0.4023,0.78,8.13E-07,2.65,0.637338509,9.81,0.063713581
1,0.00221,0.001205,0.4017,0.78,7.56E-07,2.65,0.638290471,9.81,0.093209592
1.38,0.001,0.001003,0.1911,1.999,5.94E-07,2.68,0.471206299,9.81,0.067724825
1,0.0052,0.00128,0.0821,0.354,5.94E-07,2.25,0.344075366,9.81,0.069639303
1,0.00262,0.00101,0.4292,0.78,9.18E-07,2.65,0.67207028,9.81,0.075293963
1,0.00221,0.00102,0.3237,0.78,7.56E-07,2.65,0.594072543,9.81,0.073395994
1,0.00221,0.00094,0.2201,0.78,1.01E-06,2.65,0.52421976,9.81,0.059064913
1.3,0.00032,0.00212,0.092,0.2,1.23E-06,2.65,0.385869565,9.81,0.102766386
1.84,0.000899,0.00179,0.2646,4.334,0.000001,2.65,0.567019865,9.81,0.11557257
1,0.00221,0.00072,0.2822,0.78,7.33E-07,2.65,0.567859674,9.81,0.049432878
1.84,0.000899,0.00171,0.2723,4.334,1.13E-06,2.65,0.579056935,9.81,0.108945592
1,0.00262,0.00102,0.3853,0.78,1.19E-06,2.65,0.665458817,9.81,0.069625009
1,0.00221,0.00097,0.2012,0.78,9.52E-07,2.65,0.509749197,9.81,0.058924385
1,0.00221,0.00165,0.3578,0.78,7.80E-07,2.65,0.627026272,9.81,0.11780433
1,0.00262,0.00114,0.3487,0.78,1.25E-06,2.65,0.643389733,9.81,0.075338504
1,0.00262,0.00105,0.3923,0.78,8.13E-07,2.65,0.653584711,9.81,0.075650584
1,0.00262,0.0009,0.2725,0.78,1.25E-06,2.65,0.588073394,9.81,0.055635808
1.3,0.00032,0.0025,0.0985,0.2,1.33E-06,2.65,0.406091371,9.81,0.117148617
1,0.00221,0.00115,0.3164,0.78,7.56E-07,2.65,0.60777902,9.81,0.077277196
1,0.00221,0.00132,0.1811,0.78,8.58E-07,2.65,0.495525917,9.81,0.076377965
1,0.00221,0.00077,0.2761,0.78,7.33E-07,2.65,0.58040565,9.81,0.049511071
1,0.00262,0.00098,0.228,0.78,1.25E-06,2.65,0.562275079,9.81,0.055446189
1.84,0.000899,0.00179,0.2893,4.334,0.000001,2.65,0.606659041,9.81,0.110387669
1,0.00262,0.00121,0.3844,0.78,8.13E-07,2.65,0.667016863,9.81,0.082016942
1,0.00376,0.00095,0.3776,0.78,1.12E-06,2.65,0.679028819,9.81,0.061036219
1,0.00262,0.00112,0.3807,0.78,9.35E-07,2.65,0.673499559,9.81,0.073745363
1,0.00262,0.00106,0.3481,0.78,8.25E-07,2.65,0.644498707,9.81,0.069690605
1,0.00221,0.00108,0.2124,0.78,1.01E-06,2.65,0.543223961,9.81,0.060985822
1.38,0.001,0.001043,0.1521,1.999,5.94E-07,2.68,0.46043403,9.81,0.058706629
1,0.00221,0.001135,0.3112,0.78,7.56E-07,2.65,0.617934711,9.81,0.072570266
1,0.00376,0.00108,0.3767,0.78,1.00E-06,2.65,0.680651134,9.81,0.068893568
1.84,0.000899,0.00179,0.3007,4.334,0.000001,2.65,0.624775846,9.81,0.108179867
1,0.00376,0.0012,0.3054,0.78,1.00E-06,2.65,0.62967021,9.81,0.072515765
1.84,0.000899,0.00177,0.3082,4.334,0.000001,2.65,0.633958525,9.81,0.106486035
1,0.00262,0.00178,0.378,0.78,8.13E-07,2.65,0.67831027,9.81,0.114726426
1,0.00221,0.00083,0.2701,0.78,7.33E-07,2.65,0.593298778,9.81,0.049964807
1,0.00262,0.00162,0.4072,0.78,9.18E-07,2.65,0.70838056,9.81,0.103133074
1,0.00221,0.000885,0.2295,0.78,7.46E-07,2.65,0.558600078,9.81,0.051066069
1.84,0.000899,0.00179,0.3194,4.334,0.000001,2.65,0.649268399,9.81,0.106401527
1,0.00262,0.0013,0.3679,0.78,1.19E-06,2.65,0.696931998,9.81,0.077250408
1.84,0.000899,0.00184,0.351,4.334,1.13E-06,2.65,0.682716137,9.81,0.108705884
1.84,0.000899,0.00179,0.3269,4.334,0.000001,2.65,0.658337195,9.81,0.1059204
1,0.00262,0.00156,0.3749,0.78,8.13E-07,2.65,0.683919131,9.81,0.098093218
1,0.00262,0.00121,0.2219,0.78,1.25E-06,2.65,0.577731942,9.81,0.063110026
1,0.00221,0.001115,0.3746,0.78,7.56E-07,2.65,0.68446685,9.81,0.069943321
1,0.0052,0.00175,0.0769,0.354,5.94E-07,2.25,0.367341841,9.81,0.078240576
1,0.00221,0.00074,0.2274,0.78,7.21E-07,2.65,0.563758654,9.81,0.041537866
1,0.00262,0.00096,0.3978,0.78,1.14E-06,2.65,0.725119568,9.81,0.056980363
1,0.00376,0.00095,0.3335,0.78,1.04E-06,2.65,0.672713643,9.81,0.054924665
1,0.00376,0.00107,0.3658,0.78,1.12E-06,2.65,0.700932974,9.81,0.062500421
1,0.00221,0.00092,0.2268,0.78,7.46E-07,2.65,0.565250079,9.81,0.051233976
1.06,0.000305,0.0018,0.0893,0.597,5.94E-07,2.65,0.389855211,9.81,0.082970885
1,0.00262,0.00103,0.2944,0.78,1.29E-06,2.65,0.65319729,9.81,0.055756401
1,0.00221,0.00112,0.1899,0.78,9.52E-07,2.65,0.540081824,9.81,0.057204779
1.3,0.00032,0.00225,0.086,0.2,1.30E-06,2.65,0.412790698,9.81,0.089090134
1,0.00376,0.0009,0.3993,0.78,9.90E-07,2.65,0.722395603,9.81,0.05402566
1,0.0052,0.00217,0.046,0.354,5.94E-07,2.25,0.307049865,9.81,0.083063111
1,0.00376,0.00098,0.3313,0.78,1.05E-06,2.65,0.677180803,9.81,0.055545219
1,0.00262,0.00151,0.4846,0.78,1.19E-06,2.65,0.793644243,9.81,0.091141687
1,0.00262,0.00084,0.4301,0.78,9.43E-07,2.65,0.745178521,9.81,0.051043039
1,0.00262,0.00136,0.3661,0.78,9.35E-07,2.65,0.700358596,9.81,0.079635399
1,0.00221,0.00197,0.4663,0.78,7.17E-07,2.65,0.75606383,9.81,0.126073313
1,0.00262,0.00127,0.5127,0.78,1.13E-06,2.65,0.812660975,9.81,0.077349351
1,0.00221,0.00103,0.221,0.78,9.71E-07,2.65,0.580084697,9.81,0.053070738
1,0.00376,0.00121,0.3292,0.78,1.05E-06,2.65,0.681500608,9.81,0.067285448
1,0.00262,0.00099,0.4234,0.78,1.14E-06,2.65,0.756970435,9.81,0.057390058
1,0.00221,0.001,0.2201,0.78,9.71E-07,2.65,0.582456692,9.81,0.050898058
1.3,0.00032,0.00263,0.085,0.2,1.28E-06,2.65,0.417647059,9.81,0.100545877
1,0.00262,0.00129,0.3246,0.78,1.25E-06,2.65,0.691158349,9.81,0.068768818
1,0.00221,0.001145,0.367,0.78,7.56E-07,2.65,0.698641096,9.81,0.067541662
1.08,0.0025,0.00117,0.0826,0.914,5.94E-07,2.65,0.388190695,9.81,0.050313452
1,0.00262,0.00135,0.5063,0.78,1.19E-06,2.65,0.822933601,9.81,0.079180922
1,0.00221,0.00109,0.2612,0.78,7.25E-07,2.65,0.613514548,9.81,0.059341482
1,0.0052,0.00572,0.0237,0.354,5.94E-07,2.25,0.247920093,9.81,0.173033172
1,0.00262,0.00146,0.2149,0.78,1.25E-06,2.65,0.596550572,9.81,0.069167676
1,0.00262,0.00148,0.3292,0.78,8.25E-07,2.65,0.681500608,9.81,0.082299557
1,0.00221,0.000935,0.221,0.78,7.46E-07,2.65,0.580084697,9.81,0.048175864
1,0.00221,0.0016,0.3648,0.78,7.21E-07,2.65,0.702854392,9.81,0.092694195
1,0.00262,0.00152,0.4471,0.78,1.13E-06,2.65,0.788531792,9.81,0.085746873
1.84,0.000899,0.00188,0.4327,4.334,1.13E-06,2.65,0.780233025,9.81,0.104834574
1.3,0.00032,0.00225,0.1,0.2,1.22E-06,2.65,0.45,9.81,0.087169778
1.84,0.000899,0.00192,0.4362,4.334,1.13E-06,2.65,0.783410319,9.81,0.107057418
1.84,0.000899,0.00183,0.438,4.334,1.13E-06,2.65,0.78642959,9.81,0.101674947
1,0.00262,0.00135,0.445,0.78,1.13E-06,2.65,0.792252953,9.81,0.075088684
1.84,0.000899,0.00185,0.4147,4.334,1.13E-06,2.65,0.771218184,9.81,0.101195148
1,0.00221,0.00086,0.2198,0.78,7.21E-07,2.65,0.583251674,9.81,0.043593586
1.84,0.000899,0.00187,0.4057,4.334,1.13E-06,2.65,0.765101571,9.81,0.101675631
1,0.00262,0.00245,0.4721,0.78,1.19E-06,2.65,0.814657911,9.81,0.136728161
1,0.00262,0.00206,0.4718,0.78,1.19E-06,2.65,0.815175922,9.81,0.114744247
1,0.00376,0.00118,0.3533,0.78,1.12E-06,2.65,0.725732471,9.81,0.062098482
1,0.00262,0.00182,0.4435,0.78,1.13E-06,2.65,0.794932501,9.81,0.100210436
1,0.00221,0.00121,0.1777,0.78,7.42E-07,2.65,0.541087687,9.81,0.057616377
1,0.00221,0.001335,0.1326,0.78,7.29E-07,2.65,0.483408748,9.81,0.059429794
1,0.00221,0.00205,0.4243,0.78,6.97E-07,2.65,0.755364794,9.81,0.119597434
1,0.00221,0.00132,0.3264,0.78,7.81E-07,2.65,0.687346814,9.81,0.07154523
1,0.00262,0.00138,0.3179,0.78,1.25E-06,2.65,0.705725071,9.81,0.069104602
1,0.00262,0.00107,0.3828,0.78,1.14E-06,2.65,0.753533344,9.81,0.056592542
1,0.00221,0.001215,0.1774,0.78,7.42E-07,2.65,0.542002717,9.81,0.057561939
1.38,0.001,0.001074,0.1119,1.999,5.94E-07,2.68,0.446979522,9.81,0.047191911
1,0.00376,0.00138,0.2877,0.78,1.00E-06,2.65,0.668409044,9.81,0.069717653
1,0.00262,0.00142,0.4127,0.78,1.14E-06,2.65,0.776596273,9.81,0.076232587
1,0.00221,0.00085,0.2185,0.78,7.21E-07,2.65,0.586721821,9.81,0.042326693
1.84,0.000899,0.00152,0.0693,3.551,1.13E-06,2.65,0.396152863,9.81,0.052657432
1,0.00376,0.00103,0.3203,0.78,1.04E-06,2.65,0.70043709,9.81,0.052755087
1,0.00262,0.0012,0.2832,0.78,1.29E-06,2.65,0.679029951,9.81,0.057823594
1.84,0.000899,0.00161,0.0676,3.505,1.04E-06,2.65,0.390194903,9.81,0.056081269
1.84,0.000899,0.00151,0.061,3.292,0.000001,2.65,0.374629006,9.81,0.05148876
1.84,0.000899,0.00179,0.3287,4.334,1.13E-06,2.65,0.713329446,9.81,0.090715371
1,0.00221,0.00102,0.2557,0.78,7.25E-07,2.65,0.626710989,9.81,0.052096042
1,0.00262,0.00188,0.467,0.78,1.19E-06,2.65,0.823554604,9.81,0.101554315
1,0.00262,0.00256,0.4398,0.78,1.13E-06,2.65,0.8016202,9.81,0.137456833
1,0.00376,0.00137,0.4414,0.78,1.05E-06,2.65,0.798714463,9.81,0.074366655
1,0.00262,0.00195,0.4142,0.78,9.43E-07,2.65,0.773783877,9.81,0.10583122
1.84,0.000899,0.00177,0.3269,4.334,0.000001,2.65,0.710150294,9.81,0.090011105
1,0.00262,0.00184,0.4093,0.78,1.14E-06,2.65,0.783047354,9.81,0.096358929
1.84,0.000899,0.00181,0.3287,4.334,0.000001,2.65,0.713329446,9.81,0.09172895
1.84,0.000899,0.0018,0.3287,4.334,0.000001,2.65,0.713329446,9.81,0.09122216
1,0.00376,0.00124,0.47,0.78,9.71E-07,2.65,0.818297872,9.81,0.068281829
1.84,0.000899,0.00179,0.3157,4.334,0.000001,2.65,0.704049965,9.81,0.089439446
1,0.00376,0.00133,0.3499,0.78,1.00E-06,2.65,0.732784459,9.81,0.067991016
1,0.00262,0.00243,0.3816,0.78,9.18E-07,2.65,0.755902946,9.81,0.127318353
1.84,0.000899,0.00175,0.295,4.334,0.000001,2.65,0.688884891,9.81,0.085344432
1,0.00221,0.00262,0.4743,0.78,7.29E-07,2.65,0.81087919,9.81,0.148269067
1,0.00262,0.00293,0.381,0.78,9.18E-07,2.65,0.757093344,9.81,0.152792553
1,0.00262,0.00194,0.3197,0.78,8.25E-07,2.65,0.701751642,9.81,0.098806596
1,0.00221,0.00143,0.2515,0.78,7.51E-07,2.65,0.637176938,9.81,0.069496411
1.84,0.000899,0.0018,0.3257,4.334,0.000001,2.65,0.719899874,9.81,0.088747171
1,0.00262,0.0014,0.2783,0.78,1.29E-06,2.65,0.690985563,9.81,0.064019421
1,0.00221,0.00213,0.4441,0.78,7.17E-07,2.65,0.79385851,9.81,0.117755884
1.84,0.000899,0.00139,0.092,3.947,1.13E-06,2.65,0.451118626,9.81,0.049298029
1.84,0.000899,0.00137,0.092,3.947,1.13E-06,2.65,0.451118626,9.81,0.048588705
1.84,0.000899,0.0016,0.2493,4.334,0.000001,2.65,0.652304533,9.81,0.073544452
1.84,0.000899,0.0014,0.088,3.923,1.13E-06,2.65,0.445070447,9.81,0.048793463
1.84,0.000899,0.00137,0.088,3.923,1.13E-06,2.65,0.445070447,9.81,0.047747889
1,0.00221,0.0013,0.3185,0.78,7.80E-07,2.65,0.704395604,9.81,0.065467833
1,0.00376,0.00152,0.4054,0.78,1.04E-06,2.65,0.79058037,9.81,0.077347045
1,0.00376,0.00107,0.3767,0.78,9.90E-07,2.65,0.765735503,9.81,0.053929982
1.84,0.000899,0.00159,0.1731,4.334,1.15E-06,2.65,0.576202515,9.81,0.065035778
1.84,0.000899,0.00161,0.1752,4.334,1.15E-06,2.65,0.57886774,9.81,0.066040406
1.84,0.000899,0.00139,0.0936,3.975,1.13E-06,2.65,0.457278396,9.81,0.048813251
1,0.00221,0.00121,0.1728,0.78,7.42E-07,2.65,0.55643103,9.81,0.052980356
1,0.00376,0.0014,0.4624,0.78,9.71E-07,2.65,0.831747405,9.81,0.073412734
1.84,0.000899,0.00163,0.1771,4.334,1.15E-06,2.65,0.582187721,9.81,0.06681724
1.84,0.000899,0.00161,0.1771,4.334,1.15E-06,2.65,0.582187721,9.81,0.065997396
1,0.00262,0.00154,0.206,0.78,1.25E-06,2.65,0.622323874,9.81,0.064263366
1,0.00221,0.00265,0.4682,0.78,7.29E-07,2.65,0.821443827,9.81,0.144254706
1.84,0.000899,0.00156,0.1499,4.313,1.15E-06,2.65,0.548553352,9.81,0.060967296
1.84,0.000899,0.00156,0.1499,4.313,1.15E-06,2.65,0.548553352,9.81,0.060967296
1.84,0.000899,0.00157,0.101,4.039,1.04E-06,2.65,0.469290752,9.81,0.056486606
1.84,0.000899,0.00156,0.101,4.039,1.04E-06,2.65,0.469290752,9.81,0.056126819
1.84,0.000899,0.00155,0.101,4.039,1.04E-06,2.65,0.469290752,9.81,0.055767032
1.84,0.000899,0.00152,0.101,4.039,1.04E-06,2.65,0.469290752,9.81,0.05468767
1.84,0.000899,0.00149,0.101,4.039,1.04E-06,2.65,0.469290752,9.81,0.053608308
1.84,0.000899,0.00158,0.1612,4.334,1.15E-06,2.65,0.563877747,9.81,0.062843543
1.84,0.000899,0.00158,0.1612,4.334,1.15E-06,2.65,0.563877747,9.81,0.062843543
1,0.00376,0.00132,0.4033,0.78,1.01E-06,2.65,0.794696955,9.81,0.066131367
1.84,0.000899,0.0016,0.097,4.02,1.15E-06,2.65,0.466484587,9.81,0.055953282
1.84,0.000899,0.00159,0.097,4.02,1.15E-06,2.65,0.466484587,9.81,0.055603574
1.84,0.000899,0.00159,0.097,4.02,1.15E-06,2.65,0.466484587,9.81,0.055603574
1.84,0.000899,0.00159,0.097,4.02,1.15E-06,2.65,0.466484587,9.81,0.055603574
1.84,0.000899,0.00151,0.0992,4.02,1.04E-06,2.65,0.466495647,9.81,0.054001009
2.84,0.000899,0.00148,0.0992,4.02,1.04E-06,2.65,0.466495647,9.81,0.052928142
1.84,0.000899,0.00158,0.075,3.764,1.04E-06,2.65,0.420719093,9.81,0.052522133
1.84,0.000699,0.00149,0.11,4.115,1.10E-06,2.65,0.487422954,9.81,0.054122201
1.84,0.000899,0.00148,0.1082,4.1,1.10E-06,2.65,0.484507011,9.81,0.053517682
1.84,0.000899,0.0015,0.1156,4.145,1.10E-06,2.65,0.496673359,9.81,0.055146228
1,0.00262,0.00166,0.3447,0.78,9.35E-07,2.65,0.743838938,9.81,0.081133461
1.84,0.000899,0.00149,0.1138,4.13,1.10E-06,2.65,0.493910561,9.81,0.05453061
1.84,0.000899,0.00157,0.1652,4.334,1.15E-06,2.65,0.569927685,9.81,0.062643878
1.84,0.000899,0.00149,0.1194,4.16,1.10E-06,2.65,0.502913204,9.81,0.055183973
1.84,0.000899,0.00148,0.1026,4.063,1.10E-06,2.65,0.475433463,9.81,0.052703327
1.84,0.000899,0.00151,0.1211,4.176,1.10E-06,2.65,0.505835714,9.81,0.056067419
1,0.00221,0.00128,0.1283,0.78,7.29E-07,2.65,0.499610288,9.81,0.05161576
1.84,0.000899,0.00148,0.1043,4.081,1.10E-06,2.65,0.478648687,9.81,0.052859217
1.84,0.000899,0.00159,0.1444,4.295,1.15E-06,2.65,0.542509005,9.81,0.061201049
1.3,0.00032,0.0036,0.053,0.2,1.22E-06,2.65,0.377358491,9.81,0.105118358
1.84,0.000899,0.00156,0.1156,4.145,1.15E-06,2.65,0.499720345,9.81,0.056654814
1.84,0.000899,0.00157,0.1354,4.255,1.15E-06,2.65,0.530438601,9.81,0.059272947
1.84,0.000899,0.00163,0.1479,4.313,1.15E-06,2.65,0.548496636,9.81,0.062866067
1.84,0.000899,0.00157,0.1392,4.267,1.15E-06,2.65,0.53627781,9.81,0.059616666
1,0.00376,0.00165,0.4292,0.78,1.05E-06,2.65,0.821417903,9.81,0.082342449
1.84,0.000899,0.00155,0.1392,4.267,1.13E-06,2.65,0.53627781,9.81,0.058857218
1.84,0.000899,0.00158,0.0988,4.039,1.15E-06,2.65,0.472375613,9.81,0.054884226
1.84,0.000899,0.00158,0.0988,4.039,1.15E-06,2.65,0.472375613,9.81,0.054884226
1.84,0.000899,0.00149,0.1336,4.249,1.10E-06,2.65,0.52708774,9.81,0.056212816
1.84,0.000899,0.0015,0.1354,4.255,1.10E-06,2.65,0.530438601,9.81,0.056630204
1,0.00376,0.00159,0.4282,0.78,1.05E-06,2.65,0.823336208,9.81,0.078794845
1.84,0.000899,0.00151,0.1244,4.206,1.10E-06,2.65,0.515224385,9.81,0.055515334
1,0.00376,0.0016,0.2771,0.78,1.00E-06,2.65,0.693977922,9.81,0.072222688
1,0.00221,0.0018,0.5148,0.78,8.08E-07,2.65,0.871605602,9.81,0.095692845
1,0.00221,0.00106,0.2466,0.78,7.25E-07,2.65,0.649837794,9.81,0.048562099
1,0.00376,0.00149,0.3075,0.78,1.05E-06,2.65,0.729593496,9.81,0.067527074
1,0.00262,0.00168,0.3362,0.78,1.19E-06,2.65,0.762645098,9.81,0.076185176
1,0.00262,0.00198,0.4779,0.78,1.13E-06,2.65,0.871837795,9.81,0.097665074
1,0.00376,0.00113,0.3072,0.78,1.04E-06,2.65,0.73030599,9.81,0.051062065
1,0.00262,0.00134,0.3661,0.78,1.14E-06,2.65,0.787906485,9.81,0.061995994
1,0.00262,0.00294,0.3984,0.78,9.43E-07,2.65,0.804471089,9.81,0.141988845
1.84,0.000899,0.00157,0.1336,4.249,8.83E-07,2.65,0.52708774,9.81,0.059230954
1.84,0.000899,0.00155,0.1391,4.27,8.83E-07,2.65,0.536308184,9.81,0.058808273
1.84,0.000899,0.00155,0.1407,4.282,8.83E-07,2.65,0.5396302,9.81,0.058754583
1.84,0.000899,0.00153,0.1407,4.282,8.83E-07,2.65,0.5396302,9.81,0.05799646
1.84,0.000899,0.00156,0.1336,4.249,8.83E-07,2.65,0.530135305,9.81,0.058178973
1.3,0.00032,0.0033,0.052,0.2,1.20E-06,2.65,0.384615385,9.81,0.091006503
1,0.00221,0.001235,0.3712,0.78,7.51E-07,2.65,0.777081261,9.81,0.059559426
1.84,0.000899,0.00155,0.1352,4.261,8.83E-07,2.65,0.533570265,9.81,0.057747555
1,0.00376,0.00195,0.3932,0.78,1.04E-06,2.65,0.815110076,9.81,0.090536572
1,0.00262,0.0023,0.4718,0.78,1.13E-06,2.65,0.883109966,9.81,0.109160282
1,0.00262,0.00268,0.3353,0.78,9.35E-07,2.65,0.764692162,9.81,0.120560077
1,0.00262,0.00155,0.235,0.78,1.25E-06,2.65,0.681914894,9.81,0.061453646
1,0.00376,0.00156,0.392,0.78,1.01E-06,2.65,0.817605311,9.81,0.071768142
1,0.00221,0.001295,0.1244,0.78,7.29E-07,2.65,0.515273312,9.81,0.047601792
1,0.00376,0.00172,0.4164,0.78,1.05E-06,2.65,0.846668021,9.81,0.078382895
1,0.00376,0.00211,0.3871,0.78,1.04E-06,2.65,0.827954746,9.81,0.093476163
1,0.00376,0.00152,0.4429,0.78,9.71E-07,2.65,0.868367577,9.81,0.070040706
1,0.00221,0.002085,0.3356,0.78,7.21E-07,2.65,0.764008588,9.81,0.094045924
1,0.00221,0.00222,0.4212,0.78,7.17E-07,2.65,0.837019383,9.81,0.104707733
1,0.00376,0.00162,0.3292,0.78,1.00E-06,2.65,0.778861732,9.81,0.06897037
1,0.00221,0.00303,0.473,0.78,7.60E-07,2.65,0.880869518,9.81,0.144906896
1.99,0.00269,0.002791,0.1128,0.5,5.94E-07,2.68,0.496542553,9.81,0.100176173
1,0.0052,0.00791,0.0133,0.354,5.94E-07,2.25,0.229387027,9.81,0.156855181
1,0.00221,0.001295,0.2374,0.78,7.51E-07,2.65,0.675021061,9.81,0.052932729
1,0.00262,0.00165,0.1963,0.78,1.25E-06,2.65,0.653075486,9.81,0.059578001
3.73,0.01,0.01,0.3946,4.46,6.99E-07,2.65,0.820559049,9.81,0.459775527
1.3,0.00032,0.0033,0.068,0.2,1.27E-06,2.65,0.441176471,9.81,0.090449593
1,0.00262,0.00154,0.2624,0.78,1.29E-06,2.65,0.732855496,9.81,0.05902776
1,0.00376,0.00128,0.463,0.78,1.03E-06,2.65,0.899894778,9.81,0.057413754
3.63,0.011,0.0104,0.3857,4.225,6.99E-07,2.65,0.816682801,9.81,0.471828975
1,0.00376,0.00162,0.4093,0.78,1.05E-06,2.65,0.861354909,9.81,0.070113386
1,0.00262,0.00146,0.2926,0.78,1.25E-06,2.65,0.766746411,9.81,0.057007517
1,0.00262,0.00165,0.2612,0.78,1.29E-06,2.65,0.736222366,9.81,0.062380313
1,0.00262,0.00205,0.2923,0.78,1.25E-06,2.65,0.767533356,9.81,0.079798845
1,0.00221,0.00274,0.4679,0.78,7.60E-07,2.65,0.890470789,9.81,0.12684481
1,0.00221,0.00139,0.4679,0.78,7.60E-07,2.65,0.890470789,9.81,0.064348279
1.84,0.000899,0.00136,0.1407,4.282,0.000001,2.65,0.573166728,9.81,0.045696139
1.3,0.00032,0.00356,0.05,0.2,1.25E-06,2.65,0.4,9.81,0.08727874
1,0.00458,0.00173,0.2899,0.78,1.27E-06,2.65,0.773887547,9.81,0.065697229
1,0.00458,0.00171,0.2899,0.78,1.27E-06,2.65,0.773887547,9.81,0.064937723
1,0.00376,0.00162,0.2923,0.78,1.04E-06,2.65,0.767533356,9.81,0.063060551
1,0.00458,0.00177,0.289,0.78,1.27E-06,2.65,0.776297578,9.81,0.066592159
1.3,0.00032,0.0035,0.0585,0.2,1.25E-06,2.65,0.427350427,9.81,0.087955717
1,0.00221,0.00167,0.4862,0.78,8.08E-07,2.65,0.92287652,9.81,0.074791575
1,0.00376,0.0022,0.3767,0.78,1.04E-06,2.65,0.850813066,9.81,0.08981698
1.1,0.00795,0.00274,0.1006,0.914,5.94E-07,2.65,0.492732881,9.81,0.089070503
1,0.00376,0.0017,0.4295,0.78,9.71E-07,2.65,0.895459837,9.81,0.07143784
3.41,0.0082,0.01,0.3704,5.914,7.19E-07,2.65,0.827293438,9.81,0.424580718
1,0.0052,0.0028,0.1169,0.354,5.94E-07,2.25,0.522200152,9.81,0.094168793
1,0.00376,0.00118,0.3487,0.78,9.90E-07,2.65,0.827222725,9.81,0.047173434
1.03,0.0025,0.00189,0.0607,0.914,5.94E-07,2.65,0.408310773,9.81,0.053985517
3.46,0.0095,0.0105,0.4035,4.434,6.99E-07,2.65,0.854645778,9.81,0.455060336
1.08,0.0025,0.00185,0.0671,0.914,5.94E-07,2.65,0.424771806,9.81,0.053974836
3.68,0.012,0.01,0.4185,4.825,6.99E-07,2.65,0.869422376,9.81,0.434352459
1,0.00376,0.00197,0.3194,0.78,1.00E-06,2.65,0.80275918,9.81,0.076601809
1.3,0.00032,0.00338,0.075,0.2,1.25E-06,2.65,0.473333333,9.81,0.088767141
1.3,0.00032,0.00363,0.075,0.2,1.20E-06,2.65,0.473333333,9.81,0.095332758
3.58,0.013,0.01,0.3874,5.745,7.19E-07,2.65,0.852426275,9.81,0.418267777
1,0.00458,0.00195,0.37,0.78,1.10E-06,2.65,0.866219681,9.81,0.075437744
1.99,0.00269,0.002736,0.1405,0.5,5.94E-07,2.68,0.569537367,9.81,0.092972909
1,0.00458,0.00176,0.3133,0.78,1.19E-06,2.65,0.818389027,9.81,0.064589499
1,0.00176,0.00207,0.3703,0.78,1.04E-06,2.65,0.86551791,9.81,0.080275014
1.99,0.00269,0.002747,0.1274,0.5,5.94E-07,2.68,0.549434851,9.81,0.090950299
1,0.00376,0.0015,0.2862,0.78,1.05E-06,2.65,0.783892383,9.81,0.054809577
1,0.00458,0.00195,0.3691,0.78,1.10E-06,2.65,0.86833184,9.81,0.07488859
1,0.00376,0.0016,0.4703,0.78,1.04E-06,2.65,0.954077321,9.81,0.064853925
1,0.00458,0.0018,0.3118,0.78,1.19E-06,2.65,0.822326113,9.81,0.065113179
1,0.00458,0.00178,0.3118,0.78,1.19E-06,2.65,0.822326113,9.81,0.0643897
1,0.00458,0.00183,0.253,0.78,1.20E-06,2.65,0.760084119,9.81,0.062871923
1.08,0.0025,0.00186,0.0701,0.914,5.94E-07,2.65,0.441944456,9.81,0.052372587
1.94,0.00333,0.002659,0.1472,0.5,5.94E-07,2.68,0.585557065,9.81,0.0895563
1.08,0.0025,0.00138,0.0954,0.914,5.94E-07,2.65,0.496848465,9.81,0.041839646
1,0.00376,0.00194,0.5155,0.78,1.04E-06,2.65,0.994767341,9.81,0.079285873
1.99,0.00269,0.002743,0.149,0.5,5.94E-07,2.68,0.589127517,9.81,0.092385095
1.94,0.00333,0.002668,0.1637,0.5,5.94E-07,2.68,0.610946854,9.81,0.091798606
1,0.00376,0.00159,0.3405,0.78,9.90E-07,2.65,0.847144094,9.81,0.059184518
1.99,0.00269,0.002721,0.1631,0.5,5.94E-07,2.68,0.613194359,9.81,0.092596517
1,0.00458,0.00188,0.2798,0.78,1.27E-06,2.65,0.801822731,9.81,0.064188508
1.1,0.00795,0.00226,0.0866,0.914,5.94E-07,2.65,0.482954402,9.81,0.065829798
1,0.00458,0.00191,0.2792,0.78,1.27E-06,2.65,0.803545845,9.81,0.064794167
3.27,0.023,0.01,0.4328,5.283,6.99E-07,2.65,0.916422536,9.81,0.404300408
1.99,0.00269,0.002751,0.1713,0.5,5.94E-07,2.68,0.631780502,9.81,0.092624092
2.4,0.00195,0.002731,0.1402,0.5,5.94E-07,2.68,0.586105563,9.81,0.087443287
3.73,0.016,0.0125,0.3072,5.709,6.99E-07,2.65,0.807273421,9.81,0.462272827
1.99,0.00269,0.002696,0.1853,0.5,5.94E-07,2.68,0.655250944,9.81,0.091282693
1.3,0.00032,0.00658,0.022,0.2,1.19E-06,2.65,0.318181818,9.81,0.112177641
1.99,0.00269,0.00268,0.1999,0.5,5.94E-07,2.68,0.675387694,9.81,0.092140327
1.99,0.00269,0.002727,0.185,0.5,5.94E-07,2.68,0.656313514,9.81,0.091884577
1.1,0.00795,0.00232,0.0922,0.914,5.94E-07,2.65,0.504017999,9.81,0.066059497
1.99,0.00269,0.002749,0.1847,0.5,5.94E-07,2.68,0.657379534,9.81,0.092175972
1,0.00376,0.00188,0.2786,0.78,1.04E-06,2.65,0.805276382,9.81,0.063366174
1.94,0.00333,0.002709,0.1875,0.5,5.94E-07,2.68,0.662368,9.81,0.09082806
1,0.00458,0.00187,0.2755,0.78,1.27E-06,2.65,0.814337568,9.81,0.060948457
1,0.00376,0.00256,0.5047,0.78,1.04E-06,2.65,1.016054219,9.81,0.098185635
1.99,0.00269,0.002773,0.1844,0.5,5.94E-07,2.68,0.658449024,9.81,0.092528371
1.99,0.00269,0.002712,0.1841,0.5,5.94E-07,2.68,0.659521999,9.81,0.090051997
1.3,0.00032,0.00427,0.072,0.2,1.28E-06,2.65,0.493055556,9.81,0.099214947
1.99,0.00269,0.002759,0.1993,0.5,5.94E-07,2.68,0.680260913,9.81,0.09322157
1,0.00458,0.0018,0.2466,0.78,1.20E-06,2.65,0.779810552,9.81,0.057265863
1,0.00458,0.0018,0.2463,0.78,1.20E-06,2.65,0.780760382,9.81,0.057057118
3.63,0.02,0.0125,0.3225,5.676,6.99E-07,2.65,0.835320758,9.81,0.453253987
1.08,0.0025,0.00145,0.0497,0.914,5.94E-07,2.65,0.405166227,9.81,0.034440255
1,0.00376,0.00212,0.4538,0.78,1.04E-06,2.65,0.988767219,9.81,0.077200601
1,0.0052,0.00326,0.0633,0.354,5.94E-07,2.25,0.446265206,9.81,0.081291231
1.99,0.00269,0.00273,0.2429,0.5,5.94E-07,2.68,0.745846027,9.81,0.093519085
1,0.00458,0.00205,0.3542,0.78,1.10E-06,2.65,0.904859633,9.81,0.069574235
1.99,0.00269,0.002767,0.2112,0.5,5.94E-07,2.68,0.7084375,9.81,0.091349976
1,0.00376,0.00251,0.4276,0.78,1.03E-06,2.65,0.974394953,9.81,0.088684927
1.99,0.00269,0.002765,0.2417,0.5,5.94E-07,2.63,0.749549028,9.81,0.093321163
1,0.00376,0.00168,0.4273,0.78,1.03E-06,2.65,0.975079059,9.81,0.059233987
1.1,0.00795,0.00251,0.0814,0.914,5.94E-07,2.65,0.494774165,9.81,0.065477569
1.08,0.0025,0.00159,0.057,0.914,5.94E-07,2.65,0.434815156,9.81,0.037607207
1.99,0.00269,0.002822,0.2298,0.5,5.94E-07,2.68,0.739817232,9.81,0.092953682
1,0.00458,0.0021,0.3231,0.78,1.25E-06,2.65,0.892765596,9.81,0.066786673
1,0.00262,0.00207,0.2112,0.78,1.25E-06,2.65,0.75875947,9.81,0.059575056
2.97,0.019,0.0108,0.4324,5.309,6.99E-07,2.65,0.962117024,9.81,0.395787515
1.94,0.00333,0.002807,0.2438,0.5,5.94E-07,2.68,0.759581624,9.81,0.093054132
1.03,0.0025,0.00213,0.046,0.914,5.94E-07,2.65,0.404100466,9.81,0.047072491
1,0.00458,0.00195,0.2963,0.78,1.19E-06,2.65,0.86534351,9.81,0.060533757
1,0.00458,0.00208,0.3216,0.78,1.25E-06,2.65,0.896929615,9.81,0.065233562
1.08,0.0025,0.00162,0.0832,0.914,5.94E-07,2.65,0.50641201,9.81,0.041232417
2.91,0.017,0.0097,0.4657,5.602,6.89E-07,2.65,0.998550933,9.81,0.355423367
2.57,0.025,0.0097,0.4657,5.602,6.89E-07,2.65,0.998550933,9.81,0.355423367
1,0.00376,0.00284,0.399,0.78,9.71E-07,2.65,0.963909774,9.81,0.095681267
1,0.00458,0.00184,0.2947,0.78,1.19E-06,2.65,0.870041676,9.81,0.056198703
1,0.00221,0.0022,0.4042,0.78,7.29E-07,2.65,0.951509154,9.81,0.077055119
3.34,0.019,0.0097,0.465,5.651,6.89E-07,2.65,1.002158529,9.81,0.352338646
1,0.00458,0.00196,0.2941,0.78,1.19E-06,2.65,0.871816668,9.81,0.059498937
1.08,0.0025,0.00153,0.0823,0.914,5.94E-07,2.65,0.508187742,9.81,0.038251753
1,0.00458,0.00191,0.3179,0.78,1.25E-06,2.65,0.907368871,9.81,0.057858156
1,0.00376,0.0024,0.441,0.78,1.04E-06,2.65,1.017466132,9.81,0.080208123
1,0.00458,0.00205,0.3938,0.78,1.09E-06,2.65,0.976637887,9.81,0.066400429
1,0.00458,0.00232,0.3932,0.78,1.09E-06,2.65,0.978128179,9.81,0.074802894
1,0.00376,0.00244,0.4389,0.78,1.04E-06,2.65,1.022334391,9.81,0.080385536
3.78,0.027,0.0102,0.4465,5.816,6.99E-07,2.65,1.003168076,9.81,0.355044408
1,0.00458,0.00202,0.3682,0.78,1.04E-06,2.65,0.95750289,9.81,0.063644872
2.1,0.00111,0.002355,0.0515,0.649,5.94E-07,2.68,0.433766661,9.81,0.050570151
1.08,0.0025,0.0014,0.1481,0.914,5.94E-07,2.65,0.648476619,9.81,0.038681464
1.47,0.000286,0.00315,0.0396,3.923,0.000001,2.65,0.414745209,9.81,0.05689203
1,0.00458,0.00203,0.3661,0.78,1.04E-06,2.65,0.962995258,9.81,0.062871803
3.36,0.022,0.0126,0.3718,5.741,6.99E-07,2.65,0.941875109,9.81,0.414287413
1,0.00458,0.00214,0.3655,0.78,1.04E-06,2.65,0.964576099,9.81,0.065953312
3.27,0.026,0.0098,0.4945,5.37,6.89E-07,2.65,1.066328873,9.81,0.334363207
1,0.00262,0.00252,0.2033,0.78,1.25E-06,2.65,0.788243974,9.81,0.064688197
1.08,0.0025,0.00134,0.1091,0.914,5.94E-07,2.65,0.590639146,9.81,0.032877103
1,0.00458,0.00205,0.3816,0.78,1.09E-06,2.65,1.007861635,9.81,0.060418348
1.3,0.00032,0.007,0.052,0.2,1.22E-06,2.65,0.480769231,9.81,0.123548223
1,0.00376,0.00244,0.4258,0.78,1.04E-06,2.65,1.05378714,9.81,0.073400352
1.08,0.0025,0.0014,0.0421,0.914,5.94E-07,2.65,0.41944521,9.81,0.026282586
2.38,0.024,0.0099,0.5261,5.775,6.89E-07,2.65,1.1183886,9.81,0.32668296
1,0.00458,0.00218,0.4228,0.78,1.09E-06,2.65,1.061264343,9.81,0.064202624
2.1,0.00111,0.002825,0.0628,0.649,5.94E-07,2.68,0.490490024,9.81,0.05785304
1.08,0.0025,0.00152,0.1134,0.914,5.94E-07,2.65,0.614688618,9.81,0.035789427
1.3,0.00032,0.0065,0.035,0.2,1.25E-06,2.65,0.428571429,9.81,0.09717251
1.08,0.0025,0.00191,0.1122,0.914,5.94E-07,2.65,0.621262828,9.81,0.043559605
1,0.0052,0.00427,0.0582,0.354,5.94E-07,2.25,0.48537092,9.81,0.082758346
1.03,0.0025,0.00216,0.0576,0.914,5.94E-07,2.65,0.484059689,9.81,0.04165689
1.3,0.00032,0.0067,0.043,0.2,1.22E-06,2.65,0.465116279,9.81,0.104478908
1.08,0.0025,0.00184,0.1198,0.914,5.94E-07,2.65,0.64650055,9.81,0.041375694
2.1,0.00111,0.002672,0.0753,0.649,5.94E-07,2.68,0.542340141,9.81,0.053665648
2.7,0.0015,0.00239,0.2067,1.999,5.94E-07,2.68,0.798643153,9.81,0.06076329
1.08,0.0025,0.00172,0.1018,0.914,5.94E-07,2.65,0.608650419,9.81,0.037080777
1,0.00376,0.00117,0.3,0.78,9.90E-07,2.65,0.961508547,9.81,0.0297858
1.08,0.0025,0.00158,0.1582,0.914,5.94E-07,2.65,0.724569625,9.81,0.03735182
1.03,0.0025,0.00167,0.0421,0.914,5.94E-07,2.65,0.441534951,9.81,0.028292859
1.3,0.00032,0.0069,0.057,0.2,1.20E-06,2.65,0.526315789,9.81,0.111388305
1.08,0.0025,0.00187,0.1481,0.914,5.94E-07,2.65,0.711226225,9.81,0.042952613
2.7,0.0015,0.00248,0.2039,1.999,5.94E-07,2.68,0.809610298,9.81,0.060523677
2.1,0.00111,0.004066,0.1317,0.649,5.94E-07,2.68,0.684435958,9.81,0.089680075
2.7,0.0015,0.00241,0.203,1.999,5.94E-07,2.68,0.813199703,9.81,0.05803996
2.7,0.0015,0.0024,0.1149,1.999,5.94E-07,2.68,0.653024511,9.81,0.050731856
1.06,0.000305,0.0055,0.0393,0.597,5.94E-07,2.65,0.438110826,9.81,0.088347796
1.08,0.0025,0.00163,0.1673,0.914,5.94E-07,2.65,0.759233076,9.81,0.037114341
2.7,0.0015,0.00225,0.1701,1.999,5.94E-07,2.68,0.764629816,9.81,0.051356193
1.08,0.0025,0.00205,0.0393,0.914,5.94E-07,2.65,0.441450771,9.81,0.032433237
2.7,0.0015,0.00235,0.135,1.999,5.94E-07,2.68,0.704055732,9.81,0.050210668
1,0.0052,0.00391,0.0978,0.354,5.94E-07,2.25,0.624184026,9.81,0.077001425
1.08,0.0025,0.0021,0.1219,0.914,5.94E-07,2.65,0.686190388,9.81,0.042652274
2.1,0.00111,0.003038,0.0765,0.649,5.94E-07,2.68,0.576029487,9.81,0.054950066
2.7,0.0015,0.00275,0.1984,1.999,5.94E-07,2.68,0.832054132,9.81,0.06182721
1,0.0052,0.00697,0.0333,0.354,5.94E-07,2.25,0.424152967,9.81,0.101213966
1.08,0.0025,0.002,0.1783,0.914,5.94E-07,2.65,0.799270033,9.81,0.043792801
2.7,0.0015,0.00261,0.1978,1.999,5.94E-07,2.68,0.834578057,9.81,0.058148875
1.3,0.00032,0.00652,0.062,0.2,1.27E-06,2.65,0.572580645,9.81,0.096732944
1.47,0.000286,0.00311,0.0457,3.923,0.000001,2.65,0.502334044,9.81,0.044187539
1.47,0.000286,0.00311,0.0457,3.923,0.000001,2.65,0.502334044,9.81,0.044187539
1.47,0.000266,0.00309,0.0457,3.923,0.000001,2.65,0.502334044,9.81,0.043903375
2.7,0.0015,0.00242,0.1497,1.999,5.94E-07,2.68,0.751875604,9.81,0.050275179
1.08,0.0025,0.00153,0.0671,0.914,5.94E-07,2.65,0.554040966,9.81,0.026238478
2.1,0.00111,0.00325,0.0908,0.649,5.94E-07,2.68,0.622747297,9.81,0.059697199
2.7,0.0015,0.00245,0.1655,1.999,5.94E-07,2.68,0.785882367,9.81,0.051505955
2.7,0.0015,0.00244,0.0945,1.999,5.94E-07,2.68,0.635254135,9.81,0.044826526
1.08,0.0025,0.00202,0.1292,0.914,5.94E-07,2.65,0.719356958,9.81,0.039567028
1.08,0.0025,0.002,0.1228,0.914,5.94E-07,2.65,0.706393132,9.81,0.038613918
2.7,0.0015,0.002404,0.1102,1.999,5.94E-07,2.68,0.680875828,9.81,0.044832058
1,0.00521,0.00318,0.2484,0.354,5.94E-07,2.68,0.933522567,9.81,0.07111112
1.08,0.0025,0.00144,0.1006,0.914,5.94E-07,2.65,0.659021799,9.81,0.026167929
1.47,0.000286,0.00309,0.0487,3.923,0.000001,2.65,0.529840079,9.81,0.0420539
1,0.00521,0.00319,0.1981,0.354,5.94E-07,2.68,0.867321475,9.81,0.065905765
1.47,0.000286,0.00309,0.0519,3.923,0.000001,2.65,0.548482174,9.81,0.041822429
1.1,0.00795,0.0047,0.0536,0.914,5.94E-07,2.65,0.531757242,9.81,0.069894704
1.08,0.0025,0.00163,0.1222,0.914,5.94E-07,2.65,0.728869343,9.81,0.029414935
2.7,0.0015,0.00265,0.1228,1.999,5.94E-07,2.68,0.733286024,9.81,0.047479471
1.1,0.00795,0.00487,0.0533,0.914,5.94E-07,2.65,0.534750247,9.81,0.071213549
1,0.00521,0.00329,0.1951,0.354,5.94E-07,2.68,0.880658043,9.81,0.064930239
1.1,0.00795,0.0049,0.0677,0.914,5.94E-07,2.65,0.594898332,9.81,0.073537302
1.47,0.000286,0.00307,0.0579,3.923,0.000001,2.65,0.591053954,9.81,0.039918217
1.47,0.000286,0.00306,0.0579,3.923,0.000001,2.65,0.591053954,9.81,0.03978819
1.47,0.000286,0.00248,0.07,3.923,0.000001,2.65,0.634248571,9.81,0.033856275
2.7,0.0015,0.00255,0.0786,1.999,5.94E-07,2.68,0.636348709,9.81,0.038831203
1,0.0052,0.01063,0.0079,0.354,5.94E-07,2.25,0.278910105,9.81,0.084691594
1.1,0.00795,0.00478,0.0573,0.914,5.94E-07,2.65,0.567705768,9.81,0.066672134
1.06,0.000305,0.0041,0.036,0.597,5.94E-07,2.65,0.478270985,9.81,0.050622867
1.47,0.000286,0.00302,0.0609,3.923,0.000001,2.65,0.608390499,9.81,0.038982334
2.7,0.0015,0.0025,0.078,1.999,5.94E-07,2.68,0.641243699,9.81,0.037204617
1.3,0.00032,0.00482,0.058,0.2,1.22E-06,2.65,0.612068966,9.81,0.05854405
1.47,0.000286,0.00302,0.0641,3.923,0.000001,2.65,0.633744034,9.81,0.037813393
1,0.0052,0.00638,0.0508,0.354,5.94E-07,2.25,0.556074558,9.81,0.082229337
1,0.00521,0.00372,0.1454,0.354,5.94E-07,2.68,0.842250872,9.81,0.059818133
1.47,0.000286,0.00296,0.07,3.923,0.000001,2.65,0.670838644,9.81,0.03612119
1.1,0.00795,0.00352,0.1067,0.914,5.94E-07,2.65,0.75491316,9.81,0.05170369
1.1,0.00795,0.00453,0.0765,0.914,5.94E-07,2.65,0.668196965,9.81,0.060891839
1.1,0.00795,0.0079,0.053,0.914,5.94E-07,2.65,0.584534082,9.81,0.096137258
2.73,0.0222,0.0079,0.1387,0.914,5.94E-07,2.65,0.848777094,9.81,0.119323147
1.1,0.00795,0.00468,0.0856,0.914,5.94E-07,2.65,0.723838933,9.81,0.059985211
2.7,0.0015,0.00259,0.0564,1.999,5.94E-07,2.68,0.620851206,9.81,0.029731188
1.47,0.000286,0.00291,0.0823,3.923,0.000001,2.65,0.747112784,9.81,0.033661149
2.73,0.0222,0.009,0.1554,0.914,5.94E-07,2.65,0.917051781,9.81,0.130471079
1.13,0.000786,0.0055,0.0735,0.305,5.94E-07,2.65,0.688390766,9.81,0.066925004
1.1,0.00795,0.00455,0.0896,0.914,5.94E-07,2.65,0.743384163,9.81,0.057876365
1.13,0.000786,0.0053,0.0732,0.305,5.94E-07,2.65,0.69121204,9.81,0.063704896
1.13,0.000786,0.0057,0.0981,0.201,5.94E-07,2.65,0.782631187,9.81,0.071620609
2.73,0.0222,0.00885,0.157,0.914,5.94E-07,2.65,0.939274415,9.81,0.123556724
1,0.00521,0.00467,0.175,0.354,5.94E-07,2.68,0.98180791,9.81,0.06651358
1.06,0.000305,0.0036,0.0549,0.597,5.94E-07,2.65,0.634136072,9.81,0.038558344
2.73,0.0222,0.00878,0.1753,0.914,5.94E-07,2.65,0.989675717,9.81,0.123281824
1.1,0.00795,0.0048,0.0975,0.914,5.94E-07,2.65,0.794366829,9.81,0.058185142
1.06,0.000305,0.0059,0.0326,0.597,5.94E-07,2.65,0.528152007,9.81,0.054095382
1.1,0.00795,0.0081,0.0463,0.914,5.94E-07,2.65,0.602199526,9.81,0.081132272
1.47,0.000286,0.00276,0.1038,3.923,0.000001,2.65,0.853574861,9.81,0.03084833
1.13,0.000786,0.0064,0.0963,0.201,5.94E-07,2.65,0.797259807,9.81,0.076070272
1.1,0.00795,0.0045,0.1158,0.914,5.94E-07,2.65,0.856103294,9.81,0.05577983
1,0.00521,0.00538,0.2131,0.354,5.94E-07,2.68,1.088160515,9.81,0.075960576
2.73,0.0222,0.00941,0.1707,0.914,5.94E-07,2.65,0.998193819,9.81,0.126474171
1.07,0.0222,0.00846,0.096,0.914,5.94E-07,2.65,0.806778811,9.81,0.09789062
1.1,0.00795,0.00529,0.1244,0.914,5.94E-07,2.65,0.896539714,9.81,0.064231111
1.47,0.000286,0.00285,0.0975,3.923,0.000001,2.65,0.853520004,9.81,0.029924749
1.1,0.00795,0.00487,0.0811,0.914,5.94E-07,2.65,0.764002623,9.81,0.053084602
1.1,0.00795,0.00453,0.1085,0.914,5.94E-07,2.65,0.856598332,9.81,0.052551116
1.1,0.00795,0.0052,0.103,0.914,5.94E-07,2.65,0.84218521,9.81,0.059242557
1.1,0.00795,0.00803,0.0488,0.914,5.94E-07,2.65,0.634842343,9.81,0.076280239
1.12,0.000506,0.0065,0.0518,0.305,5.94E-07,2.65,0.650610798,9.81,0.062403512
1,0.00458,0.0019,0.4209,0.78,1.09E-06,2.65,1.532071081,9.81,0.026729027
1.1,0.00795,0.0048,0.0652,0.914,5.94E-07,2.65,0.712737109,9.81,0.04833242
1.1,0.00795,0.0047,0.1225,0.914,5.94E-07,2.65,0.910445228,9.81,0.054492251
1.1,0.00795,0.0052,0.1122,0.914,5.94E-07,2.65,0.883571849,9.81,0.058630137
1.57,0.0222,0.0086,0.1433,0.914,5.94E-07,2.65,0.972863772,9.81,0.102152507
1,0.00521,0.00562,0.1301,0.354,5.94E-07,2.68,0.941301129,9.81,0.064738838
2.56,0.004,0.00812,0.068,1.999,5.94E-07,2.68,0.735544243,9.81,0.080067412
1.13,0.000786,0.007,0.0695,0.402,5.94E-07,2.65,0.743906367,9.81,0.068969129
1.12,0.000506,0.006,0.0924,0.201,5.94E-07,2.65,0.830910383,9.81,0.062997497
1.1,0.00795,0.0086,0.0427,0.914,5.94E-07,2.65,0.623965481,9.81,0.07399692
1.1,0.00795,0.0086,0.0287,0.914,5.94E-07,2.65,0.539726591,9.81,0.06647237
1.57,0.0222,0.0088,0.1433,0.914,5.94E-07,2.65,0.994486021,9.81,0.100032229
1.06,0.000305,0.0122,0.0253,0.201,5.94E-07,2.65,0.517766897,9.81,0.090327552
1.07,0.0222,0.0088,0.1052,0.914,5.94E-07,2.65,0.883468812,9.81,0.093051722
2.56,0.004,0.00819,0.0856,1.999,5.94E-07,2.68,0.818131028,9.81,0.082171343
1.1,0.00795,0.00535,0.1335,0.914,5.94E-07,2.65,0.974659684,9.81,0.058984444
2.1,0.00111,0.0165,0.0104,0.299,5.94E-07,2.68,0.382364291,9.81,0.092081223
2.73,0.0222,0.00833,0.1859,0.914,5.94E-07,2.65,1.116556394,9.81,0.097447682
1.57,0.0222,0.0103,0.1433,0.914,5.94E-07,2.65,1.016100635,9.81,0.112154943
1.1,0.00795,0.00487,0.0439,0.914,5.94E-07,2.65,0.649252578,9.81,0.039790057
2.73,0.0222,0.00825,0.2134,0.914,5.94E-07,2.65,1.190432489,9.81,0.097464682
1.07,0.0222,0.00882,0.125,0.914,5.94E-07,2.65,0.966582057,9.81,0.092578383
1.47,0.000286,0.00276,0.1188,3.923,0.000001,2.65,0.987803088,9.81,0.026362902
1.12,0.000506,0.0047,0.0744,0.488,5.94E-07,2.65,0.79628834,9.81,0.043265181
1,0.00521,0.00622,0.1603,0.354,5.94E-07,2.68,1.071331649,9.81,0.068152923
1,0.00521,0.00633,0.16,0.354,5.94E-07,2.68,1.073340395,9.81,0.068969518
1.12,0.000506,0.0039,0.0741,0.488,5.94E-07,2.65,0.799512179,9.81,0.035468359
1.12,0.000506,0.006,0.0582,0.488,5.94E-07,2.65,0.731085573,9.81,0.051256182
1.57,0.0222,0.0086,0.1585,0.914,5.94E-07,2.65,1.075026403,9.81,0.092533269
1.07,0.0222,0.00874,0.1143,0.914,5.94E-07,2.65,0.9486533,9.81,0.087086546
2.73,0.0222,0.00856,0.2012,0.914,5.94E-07,2.65,1.185626939,9.81,0.096120069
1.07,0.0222,0.00875,0.1466,0.914,5.94E-07,2.65,1.056627092,9.81,0.090137807
2.1,0.00111,0.01992,0.0101,0.149,5.94E-07,2.68,0.395375108,9.81,0.100971895
1.12,0.000506,0.0051,0.0878,0.201,5.94E-07,2.65,0.874443273,9.81,0.045941996
1.06,0.000305,0.0078,0.0296,0.597,5.94E-07,2.65,0.581680927,9.81,0.053533435
1.57,0.0222,0.00943,0.1753,0.914,5.94E-07,2.65,1.148727845,9.81,0.098280591
1.47,0.000286,0.00275,0.1463,3.923,0.000001,2.65,1.128030374,9.81,0.024805266
1.12,0.000506,0.0056,0.0866,0.201,5.94E-07,2.65,0.88656027,9.81,0.048405848
1.1,0.00795,0.00858,0.0439,0.914,5.94E-07,2.65,0.691595679,9.81,0.061781111
1.12,0.000506,0.0051,0.0707,0.488,5.94E-07,2.65,0.837961138,9.81,0.040285641
2.1,0.00111,0.016,0.0098,0.649,5.94E-07,2.68,0.409578315,9.81,0.073329816
1.07,0.0222,0.00891,0.132,0.914,5.94E-07,2.65,1.079620052,9.81,0.079162263
1.06,0.000305,0.0045,0.0475,0.597,5.94E-07,2.65,0.732927797,9.81,0.031217073
2.73,0.0222,0.01,0.189,0.914,5.94E-07,2.65,1.245771248,9.81,0.09554185
1.07,0.0222,0.00887,0.1494,0.914,5.94E-07,2.65,1.140506592,9.81,0.079925814
2.56,0.004,0.00827,0.0866,1.999,5.94E-07,2.68,0.924163005,9.81,0.065786183
1.07,0.0222,0.009101,0.1585,0.914,5.94E-07,2.65,1.172756076,9.81,0.082283252
1,0.00521,0.00964,0.071,0.354,5.94E-07,2.68,0.862974457,9.81,0.072102106
2.1,0.00111,0.0207,0.014,0.149,5.94E-07,2.68,0.475071908,9.81,0.100736795
2.56,0.004,0.00813,0.0991,1.999,5.94E-07,2.68,0.984266099,9.81,0.065245054
2.56,0.004,0.00801,0.1079,1.999,5.94E-07,2.68,1.01991218,9.81,0.065183376
1.1,0.00795,0.00572,0.046,0.914,5.94E-07,2.65,0.740842926,9.81,0.03761058
1.12,0.000506,0.0058,0.0756,0.427,5.94E-07,2.65,0.895598677,9.81,0.042887561
1,0.00521,0.00888,0.1475,0.354,5.94E-07,2.68,1.164301446,9.81,0.075802331
1.57,0.0222,0.0091,0.1844,0.914,5.94E-07,2.65,1.276847971,9.81,0.080748112
1.57,0.0222,0.0091,0.1996,0.914,5.94E-07,2.65,1.319301623,9.81,0.081869509
1.57,0.0222,0.00925,0.1646,0.914,5.94E-07,2.65,1.223402134,9.81,0.079807103
1.13,0.000786,0.0062,0.0616,0.402,5.94E-07,2.65,0.839309944,9.81,0.042533989
2.56,0.004,0.00811,0.1061,1.999,5.94E-07,2.63,1.03721512,9.81,0.062749029
1.47,0.000286,0.00269,0.1889,3.923,0.000001,2.65,1.350101416,9.81,0.02187056
1.12,0.000506,0.006,0.0625,0.597,5.94E-07,2.65,0.84920603,9.81,0.040795624
1.13,0.000786,0.0055,0.0613,0.402,5.94E-07,2.65,0.843417497,9.81,0.037183169
1.07,0.0222,0.00914,0.1631,0.914,5.94E-07,2.65,1.234653533,9.81,0.076721732
1.07,0.0222,0.00915,0.1707,0.914,5.94E-07,2.65,1.270428497,9.81,0.075921121
1.1,0.00795,0.0096,0.0866,0.914,5.94E-07,2.65,0.98378571,9.81,0.06739017
1.1,0.00795,0.0096,0.0853,0.914,5.94E-07,2.65,0.980616745,9.81,0.066808251
1.07,0.0222,0.00912,0.1865,0.914,5.94E-07,2.65,1.328913945,9.81,0.075559383
1.07,0.0222,0.00912,0.2027,0.914,5.94E-07,2.65,1.375543942,9.81,0.076649283
1.1,0.00795,0.0096,0.0933,0.914,5.94E-07,2.65,1.029361064,9.81,0.06631715
1.12,0.000506,0.0057,0.0774,0.427,5.94E-07,2.65,0.958735,9.81,0.037655386
1.57,0.0222,0.0095,0.192,0.914,5.94E-07,2.65,1.371523979,9.81,0.076072287
1,0.00521,0.01267,0.0668,0.354,5.94E-07,2.68,0.91723333,9.81,0.078922688
1.12,0.000506,0.0065,0.0597,0.597,5.94E-07,2.65,0.889034789,9.81,0.038517547
1.06,0.000305,0.0058,0.0351,0.402,5.94E-07,2.65,0.728480107,9.81,0.030095958
1.13,0.000786,0.0078,0.0585,0.402,5.94E-07,2.65,0.883786197,9.81,0.045831544
1.12,0.000506,0.0055,0.0576,0.402,5.94E-07,2.65,0.897595357,9.81,0.030848385
1.06,0.000305,0.0084,0.0341,0.402,5.94E-07,2.65,0.74984316,9.81,0.039966972
1.06,0.000305,0.0067,0.0341,0.402,5.94E-07,2.65,0.74984316,9.81,0.031878418
1.12,0.000506,0.0066,0.093,0.305,5.94E-07,2.65,1.11708091,9.81,0.038589226
2.56,0.004,0.0081,0.1061,1.999,5.94E-07,2.68,1.178732627,9.81,0.048526419
1.12,0.000506,0.0073,0.0558,0.402,5.94E-07,2.65,0.926550045,9.81,0.037224403
1.13,0.000786,0.0067,0.0552,0.402,5.94E-07,2.65,0.936621242,9.81,0.033074579
1.06,0.000305,0.0075,0.0411,0.597,5.94E-07,2.65,0.847057673,9.81,0.03370432
1.12,0.000506,0.0083,0.0536,0.305,5.94E-07,2.65,0.943968681,9.81,0.03916843
1.13,0.000786,0.0125,0.0326,0.402,5.94E-07,2.65,0.784345145,9.81,0.051966281
1.12,0.000506,0.0061,0.0704,0.427,5.94E-07,2.65,1.054063764,9.81,0.03032335
1,0.00521,0.01307,0.1009,0.354,5.94E-07,2.68,1.213709384,9.81,0.070233738
1,0.00521,0.0176,0.061,0.354,5.94E-07,2.68,1.004445679,9.81,0.083482999
1.12,0.000506,0.0107,0.0527,0.201,5.94E-07,2.65,0.970385265,9.81,0.046980156
1,0.00521,0.02226,0.0576,0.354,5.94E-07,2.68,1.063735876,9.81,0.088897281
1.12,0.000506,0.0108,0.05,0.201,5.94E-07,2.65,1.02278607,9.81,0.040497909
1.12,0.000506,0.0112,0.0372,0.597,5.94E-07,2.65,0.935862106,9.81,0.037320348
1.12,0.000506,0.0102,0.0436,0.597,5.94E-07,2.65,1.004103084,9.81,0.034604972
1.12,0.000506,0.0099,0.0573,0.488,5.94E-07,2.65,1.133164535,9.81,0.034658704
1.12,0.000506,0.0099,0.0591,0.305,5.94E-07,2.65,1.153033203,9.81,0.034526098
1.12,0.000506,0.0099,0.0591,0.305,5.94E-07,2.65,1.153033203,9.81,0.034526098
1.12,0.000506,0.0106,0.0515,0.488,5.94E-07,2.65,1.150366067,9.81,0.032363048
1.17,0.00094,0.0143,0.1423,0.307,1.16E-06,2.65,1.899185324,9.81,0.044260335
1.11,0.0013,0.0141,0.1381,0.307,1.06E-06,2.65,1.870121967,9.81,0.043679874
1.17,0.00094,0.0142,0.1414,0.307,0.000001,2.65,1.898234961,9.81,0.043716589
1.17,0.00094,0.014,0.1387,0.307,1.01E-06,2.65,1.908578729,9.81,0.041820843
1.22,0.000274,0.0128,0.1332,0.307,1.04E-06,2.65,1.890449081,9.81,0.03742766
1.22,0.000274,0.0131,0.1332,0.307,1.04E-06,2.65,1.918155941,9.81,0.037206271
1.22,0.000274,0.0124,0.132,0.307,1.04E-06,2.65,1.928610206,9.81,0.034523526
1.17,0.00094,0.0153,0.1341,0.307,1.09E-06,2.65,1.946551628,9.81,0.042481203
1.17,0.00094,0.0173,0.1283,0.307,1.16E-06,2.65,2.020153295,9.81,0.042669009
1.22,0.000274,0.017,0.1241,0.307,1.01E-06,2.65,2.029071858,9.81,0.040200763
1.22,0.000274,0.0167,0.1241,0.307,9.73E-07,2.65,2.029071858,9.81,0.039491338
1.11,0.0013,0.0193,0.1195,0.307,9.33E-07,2.65,2.029983782,9.81,0.043908492
1.22,0.000274,0.0187,0.1192,0.307,9.46E-07,2.65,2.050586975,9.81,0.041588181
1.11,0.0013,0.0209,0.1164,0.307,9.86E-07,2.65,2.084046923,9.81,0.043943306
1.11,0.0013,0.0237,0.1152,0.307,1.07E-06,2.65,2.0977538,9.81,0.048674359
1.11,0.0013,0.0258,0.1085,0.307,9.59E-07,2.65,2.218796439,9.81,0.04460905
